{
    "root_group": {
        "checks": {
            "status is 200": {
                "name": "status is 200",
                "path": "::status is 200",
                "id": "6210a8cd14cd70477eba5c5e4cb3fb5f",
                "passes": 418,
                "fails": 2867
            }
        },
        "name": "",
        "path": "",
        "id": "d41d8cd98f00b204e9800998ecf8427e",
        "groups": {}
    },
    "metrics": {
        "vus": {
            "value": 100,
            "min": 20,
            "max": 100
        },
        "http_req_connecting": {
            "p(99)": 1.4643735599999994,
            "max": 24.615785,
            "avg": 0.05774266818873669,
            "min": 0,
            "med": 0,
            "p(90)": 0,
            "p(95)": 0
        },
        "http_req_waiting": {
            "max": 1827.006518,
            "avg": 691.517211900153,
            "min": 14.212713,
            "med": 739.683194,
            "p(90)": 823.1728304,
            "p(95)": 866.7666504,
            "p(99)": 1724.8521715199997
        },
        "http_req_failed": {
            "passes": 2867,
            "fails": 418,
            "value": 0.8727549467275495
        },
        "http_req_duration": {
            "avg": 691.7337971010661,
            "min": 14.340737,
            "med": 739.835591,
            "p(90)": 823.5561720000001,
            "p(95)": 866.8714202,
            "p(99)": 1726.34432212,
            "max": 1827.119755
        },
        "iteration_duration": {
            "p(90)": 824.1426151999999,
            "p(95)": 867.0480110000001,
            "p(99)": 1726.52188568,
            "max": 1827.275231,
            "avg": 692.6584477007617,
            "min": 14.499514,
            "med": 740.796856
        },
        "http_req_blocked": {
            "max": 24.839383,
            "avg": 0.06812396955859959,
            "min": 0.001698,
            "med": 0.005102,
            "p(90)": 0.007413599999999999,
            "p(95)": 0.022701199999999946,
            "p(99)": 1.6140676399999971
        },
        "http_req_tls_handshaking": {
            "min": 0,
            "med": 0,
            "p(90)": 0,
            "p(95)": 0,
            "p(99)": 0,
            "max": 0,
            "avg": 0
        },
        "vus_max": {
            "value": 100,
            "min": 100,
            "max": 100
        },
        "http_reqs": {
            "count": 3285,
            "rate": 129.25658013992813
        },
        "http_req_duration{expected_response:true}": {
            "avg": 351.7420020430624,
            "min": 14.340737,
            "med": 267.9663055,
            "p(90)": 743.9359233000001,
            "p(95)": 788.3741807,
            "p(99)": 1513.7589471699978,
            "max": 1784.218945
        },
        "iterations": {
            "count": 3285,
            "rate": 129.25658013992813
        },
        "data_sent": {
            "count": 792771,
            "rate": 31193.567212819165
        },
        "data_received": {
            "count": 687634,
            "rate": 27056.687740620804
        },
        "checks": {
            "passes": 418,
            "fails": 2867,
            "value": 0.12724505327245053
        },
        "optimistic_attempt_count": {
            "max": 5,
            "avg": 4.714155251141553,
            "min": 1,
            "med": 5,
            "p(90)": 5,
            "p(95)": 5,
            "p(99)": 5
        },
        "http_req_sending": {
            "max": 6.753919,
            "avg": 0.03770957168949779,
            "min": 0.007093,
            "med": 0.024763,
            "p(90)": 0.05491619999999999,
            "p(95)": 0.08434559999999999,
            "p(99)": 0.1814647999999996
        },
        "http_req_receiving": {
            "max": 6.681026,
            "avg": 0.1788756292237444,
            "min": 0.021104,
            "med": 0.102894,
            "p(90)": 0.25015,
            "p(95)": 0.3789807999999999,
            "p(99)": 2.411540439999988
        }
    }
}