{
    "metrics": {
        "vus": {
            "value": 10,
            "min": 2,
            "max": 10
        },
        "vus_max": {
            "value": 10,
            "min": 10,
            "max": 10
        },
        "optimistic_attempt_count": {
            "p(90)": 5,
            "p(95)": 5,
            "p(99)": 5,
            "max": 5,
            "avg": 2.883283877349159,
            "min": 1,
            "med": 2
        },
        "data_received": {
            "rate": 16952.918447461878,
            "count": 425626
        },
        "http_req_duration": {
            "avg": 111.35887267408503,
            "min": 1.269381,
            "med": 78.17627250000001,
            "p(90)": 232.36500790000002,
            "p(95)": 242.1557189499999,
            "p(99)": 295.0814493499999,
            "max": 349.172639
        },
        "checks": {
            "fails": 641,
            "passes": 1381,
            "value": 0.6829871414441148
        },
        "http_req_connecting": {
            "avg": 0.012192176557863504,
            "min": 0,
            "med": 0,
            "p(90)": 0,
            "p(95)": 0,
            "p(99)": 0.8740577099999995,
            "max": 1.431628
        },
        "http_req_sending": {
            "avg": 0.03437197873392686,
            "min": 0.007695,
            "med": 0.033405000000000004,
            "p(90)": 0.047552300000000006,
            "p(95)": 0.05743124999999999,
            "p(99)": 0.09082025999999994,
            "max": 0.334027
        },
        "http_req_duration{expected_response:true}": {
            "p(90)": 163.000222,
            "p(95)": 212.771938,
            "p(99)": 234.35402180000006,
            "max": 305.700036,
            "avg": 57.95492135191901,
            "min": 1.269381,
            "med": 21.44716
        },
        "http_req_blocked": {
            "p(99)": 0.9622553299999996,
            "max": 2.699156,
            "avg": 0.019516390207715045,
            "min": 0.0021,
            "med": 0.004386,
            "p(90)": 0.0064059,
            "p(95)": 0.008207899999999995
        },
        "http_req_receiving": {
            "min": 0.027142,
            "med": 0.105721,
            "p(90)": 0.16165070000000004,
            "p(95)": 0.19533064999999972,
            "p(99)": 0.30218894999999985,
            "max": 0.708626,
            "avg": 0.11570556181998042
        },
        "http_req_waiting": {
            "med": 78.0100245,
            "p(90)": 232.2157743,
            "p(95)": 242.04662439999993,
            "p(99)": 294.98603015999987,
            "max": 349.019702,
            "avg": 111.20879513353135,
            "min": 1.016992
        },
        "iteration_duration": {
            "p(95)": 242.35592689999993,
            "p(99)": 295.2740824499999,
            "max": 349.36904,
            "avg": 111.59602779228477,
            "min": 13.369947,
            "med": 78.3908285,
            "p(90)": 232.5413179
        },
        "http_req_tls_handshaking": {
            "min": 0,
            "med": 0,
            "p(90)": 0,
            "p(95)": 0,
            "p(99)": 0,
            "max": 0,
            "avg": 0
        },
        "http_reqs": {
            "count": 2022,
            "rate": 80.5373757730212
        },
        "data_sent": {
            "count": 487907,
            "rate": 19433.60504514711
        },
        "iterations": {
            "count": 2022,
            "rate": 80.5373757730212
        },
        "http_req_failed": {
            "passes": 641,
            "fails": 1381,
            "value": 0.31701285855588524
        }
    },
    "root_group": {
        "id": "d41d8cd98f00b204e9800998ecf8427e",
        "groups": {},
        "checks": {
                "status is 200": {
                    "name": "status is 200",
                    "path": "::status is 200",
                    "id": "6210a8cd14cd70477eba5c5e4cb3fb5f",
                    "passes": 1381,
                    "fails": 641
                }
            },
        "name": "",
        "path": ""
    }
}