{
    "root_group": {
        "groups": {},
        "checks": {
                "status is 200": {
                    "name": "status is 200",
                    "path": "::status is 200",
                    "id": "6210a8cd14cd70477eba5c5e4cb3fb5f",
                    "passes": 360,
                    "fails": 2760
                }
            },
        "name": "",
        "path": "",
        "id": "d41d8cd98f00b204e9800998ecf8427e"
    },
    "metrics": {
        "http_req_tls_handshaking": {
            "med": 0,
            "p(90)": 0,
            "p(95)": 0,
            "p(99)": 0,
            "max": 0,
            "avg": 0,
            "min": 0
        },
        "http_req_sending": {
            "avg": 0.04764643108974364,
            "min": 0.007201,
            "med": 0.02835,
            "p(90)": 0.07662569999999999,
            "p(95)": 0.10971739999999978,
            "p(99)": 0.25234474999999973,
            "max": 12.364488
        },
        "vus": {
            "value": 200,
            "min": 40,
            "max": 200
        },
        "http_req_duration": {
            "p(90)": 2369.6280677,
            "p(95)": 2405.81109175,
            "p(99)": 2473.3091156299997,
            "max": 2679.020361,
            "avg": 1474.380480544547,
            "min": 16.304077,
            "med": 1528.984954
        },
        "http_req_connecting": {
            "max": 17.228441,
            "avg": 0.13129867179487187,
            "min": 0,
            "med": 0,
            "p(90)": 0,
            "p(95)": 1.1995095499999981,
            "p(99)": 3.4945495799999944
        },
        "http_req_receiving": {
            "p(95)": 0.3786071999999985,
            "p(99)": 1.5118138799999974,
            "max": 6.137038,
            "avg": 0.16802244198717953,
            "min": 0.020237,
            "med": 0.104691,
            "p(90)": 0.25736149999999997
        },
        "http_req_blocked": {
            "avg": 0.14558781057692255,
            "min": 0.002001,
            "med": 0.0053035,
            "p(90)": 0.0190719,
            "p(95)": 1.30544535,
            "p(99)": 3.6009913899999946,
            "max": 17.349733
        },
        "data_sent": {
            "rate": 29197.831421648312,
            "count": 753436
        },
        "checks": {
            "passes": 360,
            "fails": 2760,
            "value": 0.11538461538461539
        },
        "iterations": {
            "count": 3120,
            "rate": 120.9090540345069
        },
        "http_req_waiting": {
            "avg": 1474.1648116714712,
            "min": 16.038379,
            "med": 1528.8236350000002,
            "p(90)": 2369.2439521,
            "p(95)": 2405.3814634,
            "p(99)": 2473.1443464799995,
            "max": 2678.653208
        },
        "optimistic_attempt_count": {
            "max": 5,
            "avg": 4.754166666666666,
            "min": 1,
            "med": 5,
            "p(90)": 5,
            "p(95)": 5,
            "p(99)": 5
        },
        "data_received": {
            "count": 653160,
            "rate": 25311.84542730081
        },
        "http_reqs": {
            "count": 3120,
            "rate": 120.9090540345069
        },
        "http_req_failed": {
            "passes": 2760,
            "fails": 360,
            "value": 0.8846153846153846
        },
        "vus_max": {
            "value": 200,
            "min": 200,
            "max": 200
        },
        "http_req_duration{expected_response:true}": {
            "max": 2495.16923,
            "avg": 793.3957060305551,
            "min": 16.304077,
            "med": 660.742643,
            "p(90)": 1595.7950506,
            "p(95)": 1768.7926343500003,
            "p(99)": 2387.10743682
        },
        "iteration_duration": {
            "avg": 1476.0695457227591,
            "min": 16.558459,
            "med": 1532.140083,
            "p(90)": 2369.8537177,
            "p(95)": 2406.097183,
            "p(99)": 2473.71768333,
            "max": 2679.299785
        }
    }
}