{
    "metrics": {
        "http_req_duration": {
            "p(99)": 963.34389107,
            "max": 1078.022126,
            "avg": 366.87521486404984,
            "min": 13.516565,
            "med": 371.647704,
            "p(90)": 641.4995592,
            "p(95)": 708.45265825
        },
        "http_req_blocked": {
            "p(95)": 0.008008449999999999,
            "p(99)": 1.1422906499999999,
            "max": 6.480978,
            "avg": 0.028209070408825466,
            "min": 0.0018,
            "med": 0.004494,
            "p(90)": 0.0063108999999999995
        },
        "http_req_tls_handshaking": {
            "max": 0,
            "avg": 0,
            "min": 0,
            "med": 0,
            "p(90)": 0,
            "p(95)": 0,
            "p(99)": 0
        },
        "optimistic_attempt_count": {
            "p(99)": 5,
            "max": 5,
            "avg": 4.386112913692408,
            "min": 1,
            "med": 5,
            "p(90)": 5,
            "p(95)": 5
        },
        "iterations": {
            "count": 3082,
            "rate": 121.92055116084454
        },
        "http_req_connecting": {
            "avg": 0.021243346203763794,
            "min": 0,
            "med": 0,
            "p(90)": 0,
            "p(95)": 0,
            "p(99)": 1.04827419,
            "max": 6.395418
        },
        "http_req_waiting": {
            "p(95)": 708.4118262000001,
            "p(99)": 963.28997253,
            "max": 1077.664464,
            "avg": 366.71801963660016,
            "min": 13.345659,
            "med": 371.5036345,
            "p(90)": 641.4335551
        },
        "iteration_duration": {
            "med": 372.3796165,
            "p(90)": 641.6964796,
            "p(95)": 708.5598491000001,
            "p(99)": 963.48461618,
            "max": 1078.301506,
            "avg": 367.4033784377026,
            "min": 13.805682
        },
        "http_req_failed": {
            "passes": 2463,
            "fails": 619,
            "value": 0.7991563919532771
        },
        "vus_max": {
            "value": 50,
            "min": 50,
            "max": 50
        },
        "data_received": {
            "count": 645395,
            "rate": 25531.12073862857
        },
        "vus": {
            "value": 50,
            "min": 10,
            "max": 50
        },
        "data_sent": {
            "count": 743939,
            "rate": 29429.41366322113
        },
        "http_req_duration{expected_response:true}": {
            "avg": 115.88443505492734,
            "min": 13.516565,
            "med": 52.538782,
            "p(90)": 314.3189472000001,
            "p(95)": 381.6529197000001,
            "p(99)": 633.6256579800008,
            "max": 980.326528
        },
        "http_reqs": {
            "count": 3082,
            "rate": 121.92055116084454
        },
        "http_req_receiving": {
            "p(95)": 0.29306849999999995,
            "p(99)": 0.7207059600000003,
            "max": 4.366628,
            "avg": 0.12502954931862423,
            "min": 0.015926,
            "med": 0.092376,
            "p(90)": 0.18500060000000004
        },
        "checks": {
            "passes": 619,
            "fails": 2463,
            "value": 0.2008436080467229
        },
        "http_req_sending": {
            "p(90)": 0.0439818,
            "p(95)": 0.05737345,
            "p(99)": 0.1068734900000001,
            "max": 5.415,
            "avg": 0.032165678131083585,
            "min": 0.0067,
            "med": 0.023644
        }
    },
    "root_group": {
        "name": "",
        "path": "",
        "id": "d41d8cd98f00b204e9800998ecf8427e",
        "groups": {},
        "checks": {
                "status is 200": {
                    "id": "6210a8cd14cd70477eba5c5e4cb3fb5f",
                    "passes": 619,
                    "fails": 2463,
                    "name": "status is 200",
                    "path": "::status is 200"
                }
            }
    }
}