{
    "root_group": {
        "checks": {
            "status is 200": {
                "name": "status is 200",
                "path": "::status is 200",
                "id": "6210a8cd14cd70477eba5c5e4cb3fb5f",
                "passes": 4098,
                "fails": 0
            }
        },
        "name": "",
        "path": "",
        "id": "d41d8cd98f00b204e9800998ecf8427e",
        "groups": {}
    },
    "metrics": {
        "http_req_failed": {
            "passes": 0,
            "fails": 4098,
            "value": 0
        },
        "iterations": {
            "count": 4098,
            "rate": 163.7350961303421
        },
        "http_req_receiving": {
            "avg": 0.10948275915080523,
            "min": 0.055669,
            "med": 0.104588,
            "p(90)": 0.13956030000000003,
            "p(95)": 0.1529206999999997,
            "p(99)": 0.20227475999999997,
            "max": 0.65607
        },
        "vus": {
            "value": 10,
            "min": 2,
            "max": 10
        },
        "http_req_duration": {
            "avg": 54.714354721571546,
            "min": 8.667209,
            "med": 53.8401525,
            "p(90)": 69.60852820000004,
            "p(95)": 83.0073151,
            "p(99)": 111.44150671999991,
            "max": 165.809868
        },
        "http_req_blocked": {
            "p(90)": 0.005904,
            "p(95)": 0.007390399999999994,
            "p(99)": 0.9067288199999994,
            "max": 2.689922,
            "avg": 0.01650591044411899,
            "min": 0.002703,
            "med": 0.004108
        },
        "http_req_tls_handshaking": {
            "avg": 0,
            "min": 0,
            "med": 0,
            "p(90)": 0,
            "p(95)": 0,
            "p(99)": 0,
            "max": 0
        },
        "data_sent": {
            "count": 948918,
            "rate": 37913.904331335274
        },
        "iteration_duration": {
            "max": 166.000203,
            "avg": 54.945182051488636,
            "min": 8.815271,
            "med": 54.041546,
            "p(90)": 70.06921710000002,
            "p(95)": 83.21353759999997,
            "p(99)": 111.68097103999992
        },
        "vus_max": {
            "value": 10,
            "min": 10,
            "max": 10
        },
        "checks": {
            "fails": 0,
            "passes": 4098,
            "value": 1
        },
        "http_reqs": {
            "count": 4098,
            "rate": 163.7350961303421
        },
        "http_req_duration{expected_response:true}": {
            "max": 165.809868,
            "avg": 54.714354721571546,
            "min": 8.667209,
            "med": 53.8401525,
            "p(90)": 69.60852820000004,
            "p(95)": 83.0073151,
            "p(99)": 111.44150671999991
        },
        "http_req_connecting": {
            "min": 0,
            "med": 0,
            "p(90)": 0,
            "p(95)": 0,
            "p(99)": 0.8244757999999993,
            "max": 1.159206,
            "avg": 0.010338215714982918
        },
        "http_req_sending": {
            "avg": 0.032368279404587606,
            "min": 0.011018,
            "med": 0.0319235,
            "p(90)": 0.0442875,
            "p(95)": 0.05194399999999998,
            "p(99)": 0.07657265999999986,
            "max": 0.207225
        },
        "data_received": {
            "count": 778899,
            "rate": 31120.815676141367
        },
        "http_req_waiting": {
            "min": 8.541285,
            "med": 53.699023499999996,
            "p(90)": 69.44699610000004,
            "p(95)": 82.86951465,
            "p(99)": 111.32699291999992,
            "max": 165.703337,
            "avg": 54.572503683016144
        }
    }
}