{
    "root_group": {
        "checks": {
            "status is 200": {
                "fails": 0,
                "name": "status is 200",
                "path": "::status is 200",
                "id": "6210a8cd14cd70477eba5c5e4cb3fb5f",
                "passes": 5042
            }
        },
        "name": "",
        "path": "",
        "id": "d41d8cd98f00b204e9800998ecf8427e",
        "groups": {}
    },
    "metrics": {
        "iteration_duration": {
            "min": 13.47943,
            "med": 945.4595644999999,
            "p(90)": 1174.8604201,
            "p(95)": 1206.85742375,
            "p(99)": 1227.68325086,
            "max": 1249.574106,
            "avg": 910.5283581592604
        },
        "data_sent": {
            "count": 1168294,
            "rate": 45026.326751932516
        },
        "data_received": {
            "count": 963022,
            "rate": 37115.0953795017
        },
        "vus_max": {
            "value": 200,
            "min": 200,
            "max": 200
        },
        "iterations": {
            "count": 5042,
            "rate": 194.31987109686753
        },
        "http_req_waiting": {
            "med": 943.5505694999999,
            "p(90)": 1174.487147,
            "p(95)": 1206.5068555999999,
            "p(99)": 1227.16441027,
            "max": 1249.249291,
            "avg": 909.449745859779,
            "min": 12.840556
        },
        "http_reqs": {
            "count": 5042,
            "rate": 194.31987109686753
        },
        "vus": {
            "min": 40,
            "max": 200,
            "value": 200
        },
        "http_req_sending": {
            "med": 0.033351,
            "p(90)": 0.050386600000000004,
            "p(95)": 0.06480409999999999,
            "p(99)": 0.10541315000000001,
            "max": 0.66673,
            "avg": 0.03582641134470451,
            "min": 0.010116
        },
        "http_req_receiving": {
            "max": 0.495812,
            "avg": 0.09863691947639809,
            "min": 0.045118,
            "med": 0.09448000000000001,
            "p(90)": 0.127187,
            "p(95)": 0.14087595,
            "p(99)": 0.17440884000000006
        },
        "http_req_duration{expected_response:true}": {
            "avg": 909.5842091905979,
            "min": 13.111984,
            "med": 943.6908615,
            "p(90)": 1174.6604907,
            "p(95)": 1206.6422957,
            "p(99)": 1227.30215699,
            "max": 1249.391517
        },
        "http_req_blocked": {
            "avg": 0.053699309797699525,
            "min": 0.002504,
            "med": 0.004107,
            "p(90)": 0.006412,
            "p(95)": 0.02153389999999998,
            "p(99)": 1.1468282200000004,
            "max": 18.322473
        },
        "http_req_tls_handshaking": {
            "max": 0,
            "avg": 0,
            "min": 0,
            "med": 0,
            "p(90)": 0,
            "p(95)": 0,
            "p(99)": 0
        },
        "http_req_duration": {
            "avg": 909.5842091905979,
            "min": 13.111984,
            "med": 943.6908615,
            "p(90)": 1174.6604907,
            "p(95)": 1206.6422957,
            "p(99)": 1227.30215699,
            "max": 1249.391517
        },
        "http_req_failed": {
            "fails": 5042,
            "passes": 0,
            "value": 0
        },
        "http_req_connecting": {
            "max": 18.215114,
            "avg": 0.045255807417691404,
            "min": 0,
            "med": 0,
            "p(90)": 0,
            "p(95)": 0,
            "p(99)": 1.0545919700000002
        },
        "checks": {
            "passes": 5042,
            "fails": 0,
            "value": 1
        }
    }
}