{
    "metrics": {
        "http_req_waiting": {
            "p(99)": 2397.1471625599993,
            "max": 2827.960499,
            "avg": 678.4230909447273,
            "min": 77.161211,
            "med": 511.369496,
            "p(90)": 1250.2936952,
            "p(95)": 1336.4089015
        },
        "checks": {
            "fails": 0,
            "passes": 3347,
            "value": 1
        },
        "http_req_duration{expected_response:true}": {
            "p(99)": 2397.4098050399994,
            "max": 2828.184404,
            "avg": 678.5647152106357,
            "min": 77.471534,
            "med": 511.519764,
            "p(90)": 1250.4539988000001,
            "p(95)": 1336.5466772
        },
        "http_req_tls_handshaking": {
            "avg": 0,
            "min": 0,
            "med": 0,
            "p(90)": 0,
            "p(95)": 0,
            "p(99)": 0,
            "max": 0
        },
        "vus": {
            "min": 20,
            "max": 100,
            "value": 100
        },
        "http_req_duration": {
            "p(99)": 2397.4098050399994,
            "max": 2828.184404,
            "avg": 678.5647152106357,
            "min": 77.471534,
            "med": 511.519764,
            "p(90)": 1250.4539988000001,
            "p(95)": 1336.5466772
        },
        "http_req_connecting": {
            "p(99)": 1.1829564399999999,
            "max": 21.166646,
            "avg": 0.039305523752614265,
            "min": 0,
            "med": 0,
            "p(90)": 0,
            "p(95)": 0
        },
        "iterations": {
            "count": 3347,
            "rate": 131.46868718347469
        },
        "http_req_sending": {
            "avg": 0.03515721810576637,
            "min": 0.011622,
            "med": 0.03316,
            "p(90)": 0.049403600000000006,
            "p(95)": 0.062060499999999984,
            "p(99)": 0.09918525999999998,
            "max": 0.185833
        },
        "http_req_blocked": {
            "avg": 0.04700531939049902,
            "min": 0.002504,
            "med": 0.004208,
            "p(90)": 0.006612,
            "p(95)": 0.015484199999999887,
            "p(99)": 1.2598356599999998,
            "max": 21.250858
        },
        "vus_max": {
            "max": 100,
            "value": 100,
            "min": 100
        },
        "http_req_receiving": {
            "p(99)": 0.19970557999999994,
            "max": 2.455281,
            "avg": 0.1064670478040035,
            "min": 0.041047,
            "med": 0.100777,
            "p(90)": 0.13655440000000002,
            "p(95)": 0.1508233
        },
        "data_sent": {
            "rate": 30416.716447813382,
            "count": 774365
        },
        "http_req_failed": {
            "passes": 0,
            "fails": 3347,
            "value": 0
        },
        "data_received": {
            "count": 639277,
            "rate": 25110.51925204367
        },
        "iteration_duration": {
            "avg": 679.355899212133,
            "min": 80.70631,
            "med": 511.714712,
            "p(90)": 1250.6403038,
            "p(95)": 1336.7286593000001,
            "p(99)": 2398.232273899999,
            "max": 2829.462236
        },
        "http_reqs": {
            "count": 3347,
            "rate": 131.46868718347469
        }
    },
    "root_group": {
        "name": "",
        "path": "",
        "id": "d41d8cd98f00b204e9800998ecf8427e",
        "groups": {},
        "checks": {
                "status is 200": {
                    "path": "::status is 200",
                    "id": "6210a8cd14cd70477eba5c5e4cb3fb5f",
                    "passes": 3347,
                    "fails": 0,
                    "name": "status is 200"
                }
            }
    }
}