{
    "root_group": {
        "name": "",
        "path": "",
        "id": "d41d8cd98f00b204e9800998ecf8427e",
        "groups": {},
        "checks": {
                "status is 200": {
                    "name": "status is 200",
                    "path": "::status is 200",
                    "id": "6210a8cd14cd70477eba5c5e4cb3fb5f",
                    "passes": 4791,
                    "fails": 0
                }
            }
    },
    "metrics": {
        "data_sent": {
            "count": 1108978,
            "rate": 43524.966562903006
        },
        "http_req_duration{expected_response:true}": {
            "max": 516.399367,
            "avg": 236.96728862554707,
            "min": 16.559799,
            "med": 240.741343,
            "p(90)": 307.201772,
            "p(95)": 324.3781325,
            "p(99)": 403.0766847000013
        },
        "checks": {
            "fails": 0,
            "passes": 4791,
            "value": 1
        },
        "http_req_waiting": {
            "avg": 236.83691025339144,
            "min": 16.24693,
            "med": 240.608124,
            "p(90)": 307.070127,
            "p(95)": 324.259114,
            "p(99)": 402.95463390000134,
            "max": 516.244008
        },
        "iterations": {
            "count": 4791,
            "rate": 188.0362954024952
        },
        "vus_max": {
            "min": 50,
            "max": 50,
            "value": 50
        },
        "vus": {
            "min": 10,
            "max": 50,
            "value": 50
        },
        "http_req_receiving": {
            "p(90)": 0.129809,
            "p(95)": 0.141691,
            "p(99)": 0.18603810000000054,
            "max": 0.534321,
            "avg": 0.09798941035274472,
            "min": -17.437738,
            "med": 0.09697
        },
        "http_req_failed": {
            "passes": 0,
            "fails": 4791,
            "value": 0
        },
        "data_received": {
            "count": 915155,
            "rate": 35917.836760398764
        },
        "http_req_duration": {
            "p(99)": 403.0766847000013,
            "max": 516.399367,
            "avg": 236.96728862554707,
            "min": 16.559799,
            "med": 240.741343,
            "p(90)": 307.201772,
            "p(95)": 324.3781325
        },
        "http_req_connecting": {
            "med": 0,
            "p(90)": 0,
            "p(95)": 0,
            "p(99)": 0.9165454000000001,
            "max": 1.630321,
            "avg": 0.013353185347526608,
            "min": 0
        },
        "iteration_duration": {
            "p(90)": 307.365804,
            "p(95)": 324.54612899999995,
            "p(99)": 403.31261690000133,
            "max": 516.642916,
            "avg": 237.3534536967226,
            "min": 17.68268,
            "med": 240.957521
        },
        "http_req_blocked": {
            "med": 0.004194,
            "p(90)": 0.005909,
            "p(95)": 0.008008999999999999,
            "p(99)": 1.0011366000000013,
            "max": 2.807304,
            "avg": 0.019851836568565873,
            "min": 0.002599
        },
        "http_req_sending": {
            "p(95)": 0.0519175,
            "p(99)": 0.0853022000000006,
            "max": 0.219179,
            "avg": 0.032388961803381466,
            "min": 0.011077,
            "med": 0.031952,
            "p(90)": 0.043831
        },
        "http_reqs": {
            "count": 4791,
            "rate": 188.0362954024952
        },
        "http_req_tls_handshaking": {
            "avg": 0,
            "min": 0,
            "med": 0,
            "p(90)": 0,
            "p(95)": 0,
            "p(99)": 0,
            "max": 0
        }
    }
}